/*
SQLyog Ultimate v11.25 (64 bit)
MySQL - 5.7.17-log : Database - ssm
*********************************************************************
*/

/*!40101 SET NAMES utf8 */;

/*!40101 SET SQL_MODE=''*/;

/*!40014 SET @OLD_UNIQUE_CHECKS=@@UNIQUE_CHECKS, UNIQUE_CHECKS=0 */;
/*!40014 SET @OLD_FOREIGN_KEY_CHECKS=@@FOREIGN_KEY_CHECKS, FOREIGN_KEY_CHECKS=0 */;
/*!40101 SET @OLD_SQL_MODE=@@SQL_MODE, SQL_MODE='NO_AUTO_VALUE_ON_ZERO' */;
/*!40111 SET @OLD_SQL_NOTES=@@SQL_NOTES, SQL_NOTES=0 */;
CREATE DATABASE /*!32312 IF NOT EXISTS*/`ssm` /*!40100 DEFAULT CHARACTER SET utf8 */;

USE `ssm`;

/*Table structure for table `department` */

DROP TABLE IF EXISTS `department`;

CREATE TABLE `department` (
  `dept_id` int(11) NOT NULL AUTO_INCREMENT,
  `dept_name` varchar(50) DEFAULT NULL,
  PRIMARY KEY (`dept_id`)
) ENGINE=InnoDB AUTO_INCREMENT=4 DEFAULT CHARSET=utf8;

/*Data for the table `department` */

insert  into `department`(`dept_id`,`dept_name`) values (1,'开发部'),(2,'咨询部'),(3,'技术部');

/*Table structure for table `employy` */

DROP TABLE IF EXISTS `employy`;

CREATE TABLE `employy` (
  `emp_id` int(11) NOT NULL AUTO_INCREMENT,
  `emp_name` varchar(20) NOT NULL,
  `emp_email` varchar(45) DEFAULT NULL,
  `emp_birthday` date DEFAULT NULL,
  `dept_id` int(11) NOT NULL,
  PRIMARY KEY (`emp_id`),
  KEY `FKd6uwicbm4a0ovwc259l6m6b7k` (`dept_id`),
  CONSTRAINT `FKd6uwicbm4a0ovwc259l6m6b7k` FOREIGN KEY (`dept_id`) REFERENCES `department` (`dept_id`),
  CONSTRAINT `fk_emp_dept` FOREIGN KEY (`dept_id`) REFERENCES `department` (`dept_id`)
) ENGINE=InnoDB AUTO_INCREMENT=2038 DEFAULT CHARSET=utf8;

/*Data for the table `employy` */

insert  into `employy`(`emp_id`,`emp_name`,`emp_email`,`emp_birthday`,`dept_id`) values (1,'陈120',NULL,'2017-05-20',1),(1007,'292ce4','chenrongfa@66.com',NULL,2),(1008,'b41a65','chenrongfa@66.com',NULL,2),(1011,'e对方','chenrongfa@66.com','2015-01-03',3),(1012,'e对方答复','chenrongfa@66.com','2014-02-01',1),(1013,'85d2010','chenrongfa@66.com',NULL,3),(1014,'80fef11','chenrongfa@66.com',NULL,2),(1016,'9e0ba13','chenrongfa@66.com',NULL,2),(1019,'e都是是','chenrongfa@66.com','1993-05-24',1),(1023,'db90c20','chenrongfa@66.com',NULL,3),(1025,'816ec22','chenrongfa@66.com',NULL,3),(1026,'b246423','chenrongfa@66.com',NULL,1),(1027,'067a024','chenrongfa@66.com',NULL,1),(1028,'b290725','chenrongfa@66.com',NULL,3),(1029,'b144526','chenrongfa@66.com',NULL,3),(1030,'2b18327','chenrongfa@66.com',NULL,1),(1031,'4744928','chenrongfa@66.com',NULL,2),(1032,'0e4d629','chenrongfa@66.com',NULL,2),(1033,'44c8a30','chenrongfa@66.com',NULL,3),(1034,'1187131','chenrongfa@66.com',NULL,2),(1035,'78fd032','chenrongfa@66.com',NULL,2),(1036,'5b3df33','chenrongfa@66.com',NULL,2),(1037,'efb5034','chenrongfa@66.com',NULL,2),(1038,'0416535','chenrongfa@66.com',NULL,1),(1039,'d7c1836','chenrongfa@66.com',NULL,1),(1040,'55bfe37','chenrongfa@66.com',NULL,2),(1041,'6479738','chenrongfa@66.com',NULL,2),(1042,'63e4939','chenrongfa@66.com',NULL,1),(1043,'4a76d40','chenrongfa@66.com',NULL,3),(1049,'a02c546','chenrongfa@66.com',NULL,2),(1052,'c528249','chenrongfa@66.com',NULL,2),(1053,'3f31250','chenrongfa@66.com',NULL,2),(1055,'84c5552','chenrongfa@66.com',NULL,2),(1057,'2de7654','chenrongfa@66.com',NULL,1),(1058,'8e3ac55','chenrongfa@66.com',NULL,3),(1059,'2338d56','chenrongfa@66.com',NULL,2),(1060,'168d857','chenrongfa@66.com',NULL,1),(1061,'7631b58','chenrongfa@66.com',NULL,3),(1063,'e9d3860','chenrongfa@66.com',NULL,2),(1064,'674b061','chenrongfa@66.com',NULL,2),(1065,'4fdf362','chenrongfa@66.com',NULL,1),(1066,'9116e63','chenrongfa@66.com',NULL,3),(1067,'57f6664','chenrongfa@66.com',NULL,2),(1068,'65d0265','chenrongfa@66.com',NULL,2),(1069,'77bb966','chenrongfa@66.com',NULL,1),(1070,'d92bd67','chenrongfa@66.com',NULL,2),(1071,'cfa9768','chenrongfa@66.com',NULL,1),(1072,'18ccd69','chenrongfa@66.com',NULL,1),(1073,'9aa6470','chenrongfa@66.com',NULL,3),(1074,'1829671','chenrongfa@66.com',NULL,2),(1075,'f941d72','chenrongfa@66.com',NULL,2),(1076,'1046c73','chenrongfa@66.com',NULL,3),(1077,'b3c2574','chenrongfa@66.com',NULL,1),(1078,'6548b75','chenrongfa@66.com',NULL,1),(1079,'dad0776','chenrongfa@66.com',NULL,2),(1080,'1605a77','chenrongfa@66.com',NULL,3),(1081,'9214f78','chenrongfa@66.com',NULL,1),(1082,'ca04e79','chenrongfa@66.com',NULL,1),(1083,'ceb1f80','chenrongfa@66.com',NULL,1),(1084,'b82db81','chenrongfa@66.com',NULL,3),(1085,'1e60d82','chenrongfa@66.com',NULL,2),(1086,'a665783','chenrongfa@66.com',NULL,1),(1087,'2f1bb84','chenrongfa@66.com',NULL,3),(1088,'707e685','chenrongfa@66.com',NULL,3),(1089,'69c9986','chenrongfa@66.com',NULL,1),(1090,'5f77f87','chenrongfa@66.com',NULL,1),(1091,'09e3b88','chenrongfa@66.com',NULL,3),(1092,'58d3889','chenrongfa@66.com',NULL,2),(1093,'35edb90','chenrongfa@66.com',NULL,1),(1094,'50fa591','chenrongfa@66.com',NULL,1),(1095,'c4c4792','chenrongfa@66.com',NULL,2),(1096,'8842893','chenrongfa@66.com',NULL,1),(1097,'ae04294','chenrongfa@66.com',NULL,2),(1098,'d28df95','chenrongfa@66.com',NULL,1),(1099,'6e32996','chenrongfa@66.com',NULL,1),(1100,'fceec97','chenrongfa@66.com',NULL,2),(1101,'59d2498','chenrongfa@66.com',NULL,3),(1102,'19e4699','chenrongfa@66.com',NULL,2),(1103,'b9624100','chenrongfa@66.com',NULL,3),(1104,'122dc101','chenrongfa@66.com',NULL,3),(1105,'47713102','chenrongfa@66.com',NULL,3),(1106,'c8ce5103','chenrongfa@66.com',NULL,1),(1107,'a09f0104','chenrongfa@66.com',NULL,1),(1108,'95af3105','chenrongfa@66.com',NULL,1),(1109,'dc316106','chenrongfa@66.com',NULL,2),(1110,'ae2bd107','chenrongfa@66.com',NULL,1),(1111,'7fcfa108','chenrongfa@66.com',NULL,3),(1112,'91e99109','chenrongfa@66.com',NULL,2),(1113,'febf2110','chenrongfa@66.com',NULL,3),(1114,'8d4b7111','chenrongfa@66.com',NULL,2),(1115,'d678e112','chenrongfa@66.com',NULL,1),(1116,'9481b113','chenrongfa@66.com',NULL,3),(1117,'eb9e4114','chenrongfa@66.com',NULL,2),(1118,'87847115','chenrongfa@66.com',NULL,2),(1119,'4d940116','chenrongfa@66.com',NULL,2),(1120,'4417f117','chenrongfa@66.com',NULL,1),(1121,'b8f6f118','chenrongfa@66.com',NULL,1),(1122,'7de51119','chenrongfa@66.com',NULL,1),(1123,'5c183120','chenrongfa@66.com',NULL,2),(1124,'1f1ac121','chenrongfa@66.com',NULL,3),(1125,'b5805122','chenrongfa@66.com',NULL,1),(1126,'194a0123','chenrongfa@66.com',NULL,3),(1127,'50e38124','chenrongfa@66.com',NULL,1),(1128,'ee66f125','chenrongfa@66.com',NULL,1),(1129,'49c48126','chenrongfa@66.com',NULL,3),(1130,'1ea23127','chenrongfa@66.com',NULL,1),(1131,'a4411128','chenrongfa@66.com',NULL,2),(1132,'12784129','chenrongfa@66.com',NULL,1),(1133,'87b83130','chenrongfa@66.com',NULL,3),(1134,'3a037131','chenrongfa@66.com',NULL,2),(1135,'a4244132','chenrongfa@66.com',NULL,2),(1136,'52dd9133','chenrongfa@66.com',NULL,3),(1137,'3e2cb134','chenrongfa@66.com',NULL,3),(1138,'f1863135','chenrongfa@66.com',NULL,3),(1139,'79d8b136','chenrongfa@66.com',NULL,3),(1140,'73dec137','chenrongfa@66.com',NULL,2),(1141,'9da37138','chenrongfa@66.com',NULL,1),(1142,'2cf4d139','chenrongfa@66.com',NULL,2),(1143,'b3d8f140','chenrongfa@66.com',NULL,1),(1144,'47606141','chenrongfa@66.com',NULL,1),(1145,'67f31142','chenrongfa@66.com',NULL,2),(1146,'22654143','chenrongfa@66.com',NULL,1),(1147,'9d3e3144','chenrongfa@66.com',NULL,3),(1148,'a03b7145','chenrongfa@66.com',NULL,3),(1149,'f237b146','chenrongfa@66.com',NULL,1),(1150,'f790d147','chenrongfa@66.com',NULL,3),(1151,'3954e148','chenrongfa@66.com',NULL,2),(1152,'a95be149','chenrongfa@66.com',NULL,3),(1153,'0372f150','chenrongfa@66.com',NULL,3),(1154,'1a5e5151','chenrongfa@66.com',NULL,3),(1155,'fd230152','chenrongfa@66.com',NULL,2),(1156,'77d34153','chenrongfa@66.com',NULL,3),(1157,'ad8a8154','chenrongfa@66.com',NULL,1),(1158,'c9fa3155','chenrongfa@66.com',NULL,1),(1159,'9e79c156','chenrongfa@66.com',NULL,2),(1160,'5ec55157','chenrongfa@66.com',NULL,3),(1161,'87dac158','chenrongfa@66.com',NULL,3),(1162,'72035159','chenrongfa@66.com',NULL,3),(1163,'83ae0160','chenrongfa@66.com',NULL,3),(1164,'2df15161','chenrongfa@66.com',NULL,3),(1165,'4e26e162','chenrongfa@66.com',NULL,3),(1166,'11aaf163','chenrongfa@66.com',NULL,2),(1167,'3b1f8164','chenrongfa@66.com',NULL,3),(1168,'08de9165','chenrongfa@66.com',NULL,3),(1169,'eee58166','chenrongfa@66.com',NULL,2),(1170,'9d85b167','chenrongfa@66.com',NULL,3),(1171,'00f08168','chenrongfa@66.com',NULL,3),(1172,'54614169','chenrongfa@66.com',NULL,2),(1173,'0b353170','chenrongfa@66.com',NULL,2),(1174,'8aa20171','chenrongfa@66.com',NULL,2),(1175,'b197a172','chenrongfa@66.com',NULL,1),(1176,'b211e173','chenrongfa@66.com',NULL,1),(1177,'de869174','chenrongfa@66.com',NULL,3),(1178,'6e0ec175','chenrongfa@66.com',NULL,2),(1179,'5d349176','chenrongfa@66.com',NULL,2),(1180,'f2a9d177','chenrongfa@66.com',NULL,2),(1181,'aea45178','chenrongfa@66.com',NULL,3),(1182,'46a86179','chenrongfa@66.com',NULL,2),(1183,'ea7ff180','chenrongfa@66.com',NULL,3),(1184,'2781a181','chenrongfa@66.com',NULL,1),(1185,'1142e182','chenrongfa@66.com',NULL,1),(1186,'4e737183','chenrongfa@66.com',NULL,1),(1187,'4cddc184','chenrongfa@66.com',NULL,1),(1188,'d7f90185','chenrongfa@66.com',NULL,1),(1189,'04cea186','chenrongfa@66.com',NULL,1),(1190,'7864e187','chenrongfa@66.com',NULL,3),(1191,'bede9188','chenrongfa@66.com',NULL,1),(1192,'a6c8d189','chenrongfa@66.com',NULL,3),(1193,'6932d190','chenrongfa@66.com',NULL,2),(1194,'905bc191','chenrongfa@66.com',NULL,2),(1195,'a6cff192','chenrongfa@66.com',NULL,1),(1196,'7cd80193','chenrongfa@66.com',NULL,3),(1197,'170cd194','chenrongfa@66.com',NULL,1),(1198,'4e790195','chenrongfa@66.com',NULL,2),(1199,'186f8196','chenrongfa@66.com',NULL,2),(1200,'60f2b197','chenrongfa@66.com',NULL,3),(1201,'050db198','chenrongfa@66.com',NULL,3),(1202,'b2b4b199','chenrongfa@66.com',NULL,1),(1203,'85a8a200','chenrongfa@66.com',NULL,3),(1204,'47545201','chenrongfa@66.com',NULL,3),(1205,'dcae3202','chenrongfa@66.com',NULL,3),(1206,'a5d87203','chenrongfa@66.com',NULL,2),(1207,'867db204','chenrongfa@66.com',NULL,2),(1208,'605ba205','chenrongfa@66.com',NULL,2),(1209,'ced78206','chenrongfa@66.com',NULL,3),(1210,'3f65d207','chenrongfa@66.com',NULL,3),(1211,'617ab208','chenrongfa@66.com',NULL,2),(1212,'8e6be209','chenrongfa@66.com',NULL,2),(1213,'f6295210','chenrongfa@66.com',NULL,3),(1214,'e272c211','chenrongfa@66.com',NULL,3),(1215,'1b5d4212','chenrongfa@66.com',NULL,2),(1216,'71822213','chenrongfa@66.com',NULL,2),(1217,'16a91214','chenrongfa@66.com',NULL,3),(1218,'6a472215','chenrongfa@66.com',NULL,3),(1219,'0d094216','chenrongfa@66.com',NULL,3),(1220,'790b5217','chenrongfa@66.com',NULL,2),(1221,'3d0c8218','chenrongfa@66.com',NULL,1),(1222,'98d12219','chenrongfa@66.com',NULL,2),(1223,'dc426220','chenrongfa@66.com',NULL,2),(1224,'d7d0f221','chenrongfa@66.com',NULL,2),(1225,'faa13222','chenrongfa@66.com',NULL,1),(1226,'061e6223','chenrongfa@66.com',NULL,3),(1227,'24310224','chenrongfa@66.com',NULL,3),(1228,'aeed4225','chenrongfa@66.com',NULL,1),(1229,'0e98f226','chenrongfa@66.com',NULL,1),(1230,'ade2a227','chenrongfa@66.com',NULL,3),(1231,'e0807228','chenrongfa@66.com',NULL,2),(1232,'5f4ec229','chenrongfa@66.com',NULL,3),(1233,'c04b4230','chenrongfa@66.com',NULL,3),(1234,'3caef231','chenrongfa@66.com',NULL,1),(1235,'444b4232','chenrongfa@66.com',NULL,1),(1236,'d291a233','chenrongfa@66.com',NULL,1),(1237,'53c92234','chenrongfa@66.com',NULL,3),(1238,'f17be235','chenrongfa@66.com',NULL,2),(1239,'22f98236','chenrongfa@66.com',NULL,3),(1240,'35f59237','chenrongfa@66.com',NULL,1),(1241,'5fa63238','chenrongfa@66.com',NULL,3),(1242,'ce38c239','chenrongfa@66.com',NULL,1),(1243,'f98a8240','chenrongfa@66.com',NULL,3),(1244,'c2c38241','chenrongfa@66.com',NULL,1),(1245,'d0677242','chenrongfa@66.com',NULL,2),(1246,'cfe14243','chenrongfa@66.com',NULL,2),(1247,'9b29e244','chenrongfa@66.com',NULL,2),(1248,'665a8245','chenrongfa@66.com',NULL,3),(1249,'81888246','chenrongfa@66.com',NULL,3),(1250,'3b0a0247','chenrongfa@66.com',NULL,2),(1251,'ca349248','chenrongfa@66.com',NULL,2),(1252,'35c99249','chenrongfa@66.com',NULL,3),(1253,'2c4ba250','chenrongfa@66.com',NULL,3),(1254,'e9f8c251','chenrongfa@66.com',NULL,3),(1255,'87c85252','chenrongfa@66.com',NULL,3),(1256,'cad3e253','chenrongfa@66.com',NULL,1),(1257,'8b552254','chenrongfa@66.com',NULL,2),(1258,'05a40255','chenrongfa@66.com',NULL,2),(1259,'9fcbb256','chenrongfa@66.com',NULL,3),(1260,'3d247257','chenrongfa@66.com',NULL,2),(1261,'0adce258','chenrongfa@66.com',NULL,2),(1262,'14658259','chenrongfa@66.com',NULL,1),(1263,'cb73b260','chenrongfa@66.com',NULL,1),(1264,'0495c261','chenrongfa@66.com',NULL,1),(1265,'a0b32262','chenrongfa@66.com',NULL,3),(1266,'571ef263','chenrongfa@66.com',NULL,2),(1267,'770a2264','chenrongfa@66.com',NULL,3),(1268,'79719265','chenrongfa@66.com',NULL,2),(1269,'c3c77266','chenrongfa@66.com',NULL,2),(1270,'95111267','chenrongfa@66.com',NULL,3),(1271,'eac1c268','chenrongfa@66.com',NULL,2),(1272,'9639c269','chenrongfa@66.com',NULL,3),(1273,'d5e54270','chenrongfa@66.com',NULL,3),(1274,'1b9cf271','chenrongfa@66.com',NULL,1),(1275,'3d19e272','chenrongfa@66.com',NULL,1),(1276,'65c4d273','chenrongfa@66.com',NULL,2),(1277,'57abd274','chenrongfa@66.com',NULL,2),(1278,'f5b5b275','chenrongfa@66.com',NULL,1),(1279,'06d4e276','chenrongfa@66.com',NULL,2),(1280,'27b6c277','chenrongfa@66.com',NULL,3),(1281,'e1227278','chenrongfa@66.com',NULL,1),(1282,'d9a89279','chenrongfa@66.com',NULL,1),(1283,'2912a280','chenrongfa@66.com',NULL,3),(1284,'30c31281','chenrongfa@66.com',NULL,1),(1285,'c3ea8282','chenrongfa@66.com',NULL,3),(1286,'cd53e283','chenrongfa@66.com',NULL,1),(1287,'b2786284','chenrongfa@66.com',NULL,2),(1288,'fca49285','chenrongfa@66.com',NULL,1),(1289,'e8771286','chenrongfa@66.com',NULL,3),(1290,'11167287','chenrongfa@66.com',NULL,3),(1291,'a864f288','chenrongfa@66.com',NULL,3),(1292,'e5db1289','chenrongfa@66.com',NULL,3),(1293,'d39f7290','chenrongfa@66.com',NULL,3),(1294,'c278b291','chenrongfa@66.com',NULL,1),(1295,'af5de292','chenrongfa@66.com',NULL,2),(1296,'7a16b293','chenrongfa@66.com',NULL,3),(1297,'db568294','chenrongfa@66.com',NULL,1),(1298,'9b890295','chenrongfa@66.com',NULL,3),(1299,'9123c296','chenrongfa@66.com',NULL,3),(1300,'c63b9297','chenrongfa@66.com',NULL,1),(1301,'810ed298','chenrongfa@66.com',NULL,3),(1302,'3f505299','chenrongfa@66.com',NULL,2),(1303,'6c534300','chenrongfa@66.com',NULL,3),(1304,'09ed1301','chenrongfa@66.com',NULL,3),(1305,'2d2a1302','chenrongfa@66.com',NULL,1),(1306,'3855b303','chenrongfa@66.com',NULL,2),(1307,'86b7f304','chenrongfa@66.com',NULL,1),(1308,'0742c305','chenrongfa@66.com',NULL,3),(1309,'3397b306','chenrongfa@66.com',NULL,2),(1310,'9b2e3307','chenrongfa@66.com',NULL,1),(1311,'77905308','chenrongfa@66.com',NULL,2),(1312,'51b54309','chenrongfa@66.com',NULL,2),(1313,'7fc41310','chenrongfa@66.com',NULL,2),(1314,'b5723311','chenrongfa@66.com',NULL,2),(1315,'f622a312','chenrongfa@66.com',NULL,2),(1316,'01eb8313','chenrongfa@66.com',NULL,1),(1317,'64120314','chenrongfa@66.com',NULL,2),(1318,'cbb36315','chenrongfa@66.com',NULL,2),(1319,'b2707316','chenrongfa@66.com',NULL,3),(1320,'7bcb3317','chenrongfa@66.com',NULL,2),(1321,'48170318','chenrongfa@66.com',NULL,2),(1322,'bccc4319','chenrongfa@66.com',NULL,2),(1323,'06eda320','chenrongfa@66.com',NULL,1),(1324,'a7a81321','chenrongfa@66.com',NULL,1),(1325,'ec8eb322','chenrongfa@66.com',NULL,2),(1326,'b1283323','chenrongfa@66.com',NULL,3),(1327,'234d5324','chenrongfa@66.com',NULL,3),(1328,'715b3325','chenrongfa@66.com',NULL,1),(1329,'06857326','chenrongfa@66.com',NULL,3),(1330,'bbd1d327','chenrongfa@66.com',NULL,1),(1331,'21438328','chenrongfa@66.com',NULL,2),(1332,'8adf1329','chenrongfa@66.com',NULL,2),(1333,'e8ff8330','chenrongfa@66.com',NULL,3),(1334,'3ea08331','chenrongfa@66.com',NULL,2),(1335,'363e8332','chenrongfa@66.com',NULL,3),(1336,'10507333','chenrongfa@66.com',NULL,3),(1337,'de5e2334','chenrongfa@66.com',NULL,3),(1338,'b3c83335','chenrongfa@66.com',NULL,3),(1339,'21139336','chenrongfa@66.com',NULL,1),(1340,'ef706337','chenrongfa@66.com',NULL,2),(1341,'147a0338','chenrongfa@66.com',NULL,2),(1342,'80f93339','chenrongfa@66.com',NULL,1),(1343,'7d72b340','chenrongfa@66.com',NULL,2),(1344,'a46ac341','chenrongfa@66.com',NULL,1),(1345,'a5606342','chenrongfa@66.com',NULL,3),(1346,'71b5a343','chenrongfa@66.com',NULL,3),(1347,'b88bd344','chenrongfa@66.com',NULL,1),(1348,'6eac8345','chenrongfa@66.com',NULL,3),(1349,'8a6a7346','chenrongfa@66.com',NULL,3),(1350,'081e1347','chenrongfa@66.com',NULL,2),(1351,'941e8348','chenrongfa@66.com',NULL,2),(1352,'ffbca349','chenrongfa@66.com',NULL,2),(1353,'da05a350','chenrongfa@66.com',NULL,2),(1354,'a5e11351','chenrongfa@66.com',NULL,2),(1355,'8a660352','chenrongfa@66.com',NULL,3),(1356,'3ef2c353','chenrongfa@66.com',NULL,1),(1357,'fe3c9354','chenrongfa@66.com',NULL,3),(1358,'747b1355','chenrongfa@66.com',NULL,1),(1359,'c0ba0356','chenrongfa@66.com',NULL,1),(1360,'f730c357','chenrongfa@66.com',NULL,3),(1361,'7ef7b358','chenrongfa@66.com',NULL,3),(1362,'02de4359','chenrongfa@66.com',NULL,1),(1363,'b83dc360','chenrongfa@66.com',NULL,2),(1364,'9550c361','chenrongfa@66.com',NULL,1),(1365,'9b653362','chenrongfa@66.com',NULL,1),(1366,'752ef363','chenrongfa@66.com',NULL,1),(1367,'abbd4364','chenrongfa@66.com',NULL,1),(1368,'ebb56365','chenrongfa@66.com',NULL,3),(1369,'1c8ac366','chenrongfa@66.com',NULL,2),(1370,'fbf0c367','chenrongfa@66.com',NULL,2),(1371,'a2652368','chenrongfa@66.com',NULL,2),(1372,'e693e369','chenrongfa@66.com',NULL,2),(1373,'ce4be370','chenrongfa@66.com',NULL,3),(1374,'aed5b371','chenrongfa@66.com',NULL,2),(1375,'00cbd372','chenrongfa@66.com',NULL,1),(1376,'6ed10373','chenrongfa@66.com',NULL,2),(1377,'d92e2374','chenrongfa@66.com',NULL,1),(1378,'00692375','chenrongfa@66.com',NULL,2),(1379,'87d63376','chenrongfa@66.com',NULL,1),(1380,'a4976377','chenrongfa@66.com',NULL,2),(1381,'653c4378','chenrongfa@66.com',NULL,1),(1382,'406f5379','chenrongfa@66.com',NULL,2),(1383,'36a8a380','chenrongfa@66.com',NULL,2),(1384,'54802381','chenrongfa@66.com',NULL,3),(1385,'9dffd382','chenrongfa@66.com',NULL,3),(1386,'99c2b383','chenrongfa@66.com',NULL,2),(1387,'6692a384','chenrongfa@66.com',NULL,1),(1388,'4e23b385','chenrongfa@66.com',NULL,2),(1389,'4274d386','chenrongfa@66.com',NULL,1),(1390,'d5d2f387','chenrongfa@66.com',NULL,2),(1391,'f0871388','chenrongfa@66.com',NULL,2),(1392,'f9410389','chenrongfa@66.com',NULL,1),(1393,'d34c1390','chenrongfa@66.com',NULL,3),(1394,'b6662391','chenrongfa@66.com',NULL,3),(1395,'a7ea0392','chenrongfa@66.com',NULL,2),(1396,'54169393','chenrongfa@66.com',NULL,2),(1397,'20048394','chenrongfa@66.com',NULL,3),(1398,'2feaf395','chenrongfa@66.com',NULL,2),(1399,'e3540396','chenrongfa@66.com',NULL,1),(1400,'2862f397','chenrongfa@66.com',NULL,2),(1401,'70b4b398','chenrongfa@66.com',NULL,2),(1402,'4612b399','chenrongfa@66.com',NULL,1),(1403,'aa126400','chenrongfa@66.com',NULL,1),(1404,'b2c26401','chenrongfa@66.com',NULL,1),(1405,'63ac6402','chenrongfa@66.com',NULL,1),(1406,'ca998403','chenrongfa@66.com',NULL,1),(1407,'8553c404','chenrongfa@66.com',NULL,1),(1408,'487b6405','chenrongfa@66.com',NULL,3),(1409,'1601c406','chenrongfa@66.com',NULL,3),(1410,'4ef22407','chenrongfa@66.com',NULL,1),(1411,'178f5408','chenrongfa@66.com',NULL,1),(1412,'87254409','chenrongfa@66.com',NULL,2),(1413,'d77ae410','chenrongfa@66.com',NULL,2),(1414,'8d4c5411','chenrongfa@66.com',NULL,2),(1415,'41c46412','chenrongfa@66.com',NULL,1),(1416,'42cef413','chenrongfa@66.com',NULL,1),(1417,'4a9d6414','chenrongfa@66.com',NULL,3),(1418,'0cbcf415','chenrongfa@66.com',NULL,2),(1419,'c06bd416','chenrongfa@66.com',NULL,2),(1420,'ade33417','chenrongfa@66.com',NULL,3),(1421,'de9a0418','chenrongfa@66.com',NULL,1),(1422,'54cbe419','chenrongfa@66.com',NULL,2),(1423,'dd1b0420','chenrongfa@66.com',NULL,3),(1424,'95a91421','chenrongfa@66.com',NULL,1),(1425,'9e02f422','chenrongfa@66.com',NULL,1),(1426,'0628c423','chenrongfa@66.com',NULL,1),(1427,'a389a424','chenrongfa@66.com',NULL,3),(1428,'9f950425','chenrongfa@66.com',NULL,2),(1429,'d0ce1426','chenrongfa@66.com',NULL,3),(1430,'29a4b427','chenrongfa@66.com',NULL,2),(1431,'18fbd428','chenrongfa@66.com',NULL,2),(1432,'e19c2429','chenrongfa@66.com',NULL,2),(1433,'b1335430','chenrongfa@66.com',NULL,3),(1434,'293ae431','chenrongfa@66.com',NULL,2),(1435,'81aae432','chenrongfa@66.com',NULL,3),(1436,'5fe6c433','chenrongfa@66.com',NULL,1),(1437,'51a73434','chenrongfa@66.com',NULL,3),(1438,'cb4c2435','chenrongfa@66.com',NULL,2),(1439,'16818436','chenrongfa@66.com',NULL,1),(1440,'ebfd8437','chenrongfa@66.com',NULL,2),(1441,'14681438','chenrongfa@66.com',NULL,3),(1442,'aefd5439','chenrongfa@66.com',NULL,2),(1443,'09d67440','chenrongfa@66.com',NULL,2),(1444,'8df9d441','chenrongfa@66.com',NULL,2),(1445,'92b1a442','chenrongfa@66.com',NULL,3),(1446,'c42e0443','chenrongfa@66.com',NULL,1),(1447,'909fa444','chenrongfa@66.com',NULL,2),(1448,'8f709445','chenrongfa@66.com',NULL,3),(1449,'b13d7446','chenrongfa@66.com',NULL,3),(1450,'50462447','chenrongfa@66.com',NULL,1),(1451,'ac17c448','chenrongfa@66.com',NULL,3),(1452,'600c0449','chenrongfa@66.com',NULL,1),(1453,'750cb450','chenrongfa@66.com',NULL,1),(1454,'20978451','chenrongfa@66.com',NULL,1),(1455,'85c67452','chenrongfa@66.com',NULL,1),(1456,'35f8c453','chenrongfa@66.com',NULL,3),(1457,'9e75a454','chenrongfa@66.com',NULL,1),(1458,'f0e40455','chenrongfa@66.com',NULL,2),(1459,'7cdac456','chenrongfa@66.com',NULL,1),(1460,'cd77b457','chenrongfa@66.com',NULL,3),(1461,'ec9f8458','chenrongfa@66.com',NULL,3),(1462,'ae5c4459','chenrongfa@66.com',NULL,3),(1463,'cd396460','chenrongfa@66.com',NULL,1),(1464,'37349461','chenrongfa@66.com',NULL,3),(1465,'b4512462','chenrongfa@66.com',NULL,3),(1466,'2acc7463','chenrongfa@66.com',NULL,3),(1467,'ac8de464','chenrongfa@66.com',NULL,1),(1468,'094fd465','chenrongfa@66.com',NULL,1),(1469,'0bd4d466','chenrongfa@66.com',NULL,3),(1470,'19b73467','chenrongfa@66.com',NULL,1),(1471,'d5e72468','chenrongfa@66.com',NULL,3),(1472,'3db9e469','chenrongfa@66.com',NULL,1),(1473,'78942470','chenrongfa@66.com',NULL,2),(1474,'3169d471','chenrongfa@66.com',NULL,3),(1475,'05c41472','chenrongfa@66.com',NULL,2),(1476,'69a79473','chenrongfa@66.com',NULL,3),(1477,'3eacf474','chenrongfa@66.com',NULL,1),(1478,'a2cab475','chenrongfa@66.com',NULL,1),(1479,'f9263476','chenrongfa@66.com',NULL,3),(1480,'2f50b477','chenrongfa@66.com',NULL,2),(1481,'c2298478','chenrongfa@66.com',NULL,1),(1482,'db834479','chenrongfa@66.com',NULL,1),(1483,'67bf6480','chenrongfa@66.com',NULL,1),(1484,'f1200481','chenrongfa@66.com',NULL,1),(1485,'ef6c8482','chenrongfa@66.com',NULL,3),(1486,'872df483','chenrongfa@66.com',NULL,1),(1487,'25d1b484','chenrongfa@66.com',NULL,2),(1488,'133d0485','chenrongfa@66.com',NULL,3),(1489,'f24f4486','chenrongfa@66.com',NULL,1),(1490,'9f40a487','chenrongfa@66.com',NULL,3),(1491,'cedb5488','chenrongfa@66.com',NULL,2),(1492,'2e33e489','chenrongfa@66.com',NULL,2),(1493,'bdcc2490','chenrongfa@66.com',NULL,1),(1494,'ae458491','chenrongfa@66.com',NULL,1),(1495,'3d7d7492','chenrongfa@66.com',NULL,2),(1496,'d5415493','chenrongfa@66.com',NULL,2),(1497,'b29db494','chenrongfa@66.com',NULL,3),(1498,'39da9495','chenrongfa@66.com',NULL,1),(1499,'2f378496','chenrongfa@66.com',NULL,3),(1500,'0fe94497','chenrongfa@66.com',NULL,2),(1501,'302e6498','chenrongfa@66.com',NULL,1),(1502,'f1d8f499','chenrongfa@66.com',NULL,3),(1503,'c8746500','chenrongfa@66.com',NULL,1),(1504,'801f2501','chenrongfa@66.com',NULL,3),(1505,'c0cc4502','chenrongfa@66.com',NULL,2),(1506,'9a72b503','chenrongfa@66.com',NULL,1),(1507,'39894504','chenrongfa@66.com',NULL,2),(1508,'2cdcf505','chenrongfa@66.com',NULL,3),(1509,'f0453506','chenrongfa@66.com',NULL,2),(1510,'98f95507','chenrongfa@66.com',NULL,2),(1511,'95ca0508','chenrongfa@66.com',NULL,3),(1512,'c0c0d509','chenrongfa@66.com',NULL,3),(1513,'03797510','chenrongfa@66.com',NULL,3),(1514,'7a689511','chenrongfa@66.com',NULL,3),(1515,'269d5512','chenrongfa@66.com',NULL,2),(1516,'930ba513','chenrongfa@66.com',NULL,1),(1517,'41c27514','chenrongfa@66.com',NULL,1),(1518,'6374f515','chenrongfa@66.com',NULL,3),(1519,'7b324516','chenrongfa@66.com',NULL,1),(1520,'87173517','chenrongfa@66.com',NULL,2),(1521,'13827518','chenrongfa@66.com',NULL,3),(1522,'3d2be519','chenrongfa@66.com',NULL,3),(1523,'14b14520','chenrongfa@66.com',NULL,1),(1524,'8c708521','chenrongfa@66.com',NULL,1),(1525,'cd2eb522','chenrongfa@66.com',NULL,3),(1526,'03f85523','chenrongfa@66.com',NULL,3),(1527,'df65c524','chenrongfa@66.com',NULL,1),(1528,'20bc0525','chenrongfa@66.com',NULL,1),(1529,'b9848526','chenrongfa@66.com',NULL,2),(1530,'0ef4a527','chenrongfa@66.com',NULL,2),(1531,'fb56a528','chenrongfa@66.com',NULL,3),(1532,'742d9529','chenrongfa@66.com',NULL,1),(1533,'4ba35530','chenrongfa@66.com',NULL,3),(1534,'831f7531','chenrongfa@66.com',NULL,3),(1535,'a85b5532','chenrongfa@66.com',NULL,2),(1536,'47545533','chenrongfa@66.com',NULL,2),(1537,'65219534','chenrongfa@66.com',NULL,1),(1538,'a411a535','chenrongfa@66.com',NULL,3),(1539,'ee0f6536','chenrongfa@66.com',NULL,3),(1540,'461b6537','chenrongfa@66.com',NULL,2),(1541,'3758a538','chenrongfa@66.com',NULL,3),(1542,'e1547539','chenrongfa@66.com',NULL,3),(1543,'6083b540','chenrongfa@66.com',NULL,2),(1544,'90b9b541','chenrongfa@66.com',NULL,2),(1545,'c64a2542','chenrongfa@66.com',NULL,2),(1546,'832b8543','chenrongfa@66.com',NULL,3),(1547,'282a2544','chenrongfa@66.com',NULL,3),(1548,'8acc8545','chenrongfa@66.com',NULL,3),(1549,'d25e1546','chenrongfa@66.com',NULL,3),(1550,'62d8d547','chenrongfa@66.com',NULL,1),(1551,'cfcf9548','chenrongfa@66.com',NULL,3),(1552,'fb3f0549','chenrongfa@66.com',NULL,1),(1553,'dbde4550','chenrongfa@66.com',NULL,1),(1554,'cde37551','chenrongfa@66.com',NULL,3),(1555,'ccf65552','chenrongfa@66.com',NULL,2),(1556,'8ec2d553','chenrongfa@66.com',NULL,3),(1557,'d7c41554','chenrongfa@66.com',NULL,2),(1558,'1675a555','chenrongfa@66.com',NULL,2),(1559,'50125556','chenrongfa@66.com',NULL,1),(1560,'89e9a557','chenrongfa@66.com',NULL,2),(1561,'cb471558','chenrongfa@66.com',NULL,1),(1562,'18264559','chenrongfa@66.com',NULL,2),(1563,'6fe6a560','chenrongfa@66.com',NULL,2),(1564,'79dde561','chenrongfa@66.com',NULL,3),(1565,'8a9eb562','chenrongfa@66.com',NULL,2),(1566,'c2884563','chenrongfa@66.com',NULL,3),(1567,'45fa9564','chenrongfa@66.com',NULL,2),(1568,'a7a32565','chenrongfa@66.com',NULL,1),(1569,'13a53566','chenrongfa@66.com',NULL,2),(1570,'3a8e7567','chenrongfa@66.com',NULL,1),(1571,'461f3568','chenrongfa@66.com',NULL,1),(1572,'27b4a569','chenrongfa@66.com',NULL,2),(1573,'cf4a0570','chenrongfa@66.com',NULL,3),(1574,'9299b571','chenrongfa@66.com',NULL,3),(1575,'4fdbc572','chenrongfa@66.com',NULL,2),(1576,'4545f573','chenrongfa@66.com',NULL,3),(1577,'cfeb7574','chenrongfa@66.com',NULL,2),(1578,'0adc5575','chenrongfa@66.com',NULL,1),(1579,'46496576','chenrongfa@66.com',NULL,3),(1580,'d2ee5577','chenrongfa@66.com',NULL,3),(1581,'20acc578','chenrongfa@66.com',NULL,1),(1582,'7bc1e579','chenrongfa@66.com',NULL,3),(1583,'5b712580','chenrongfa@66.com',NULL,1),(1584,'fd497581','chenrongfa@66.com',NULL,3),(1585,'e3734582','chenrongfa@66.com',NULL,3),(1586,'0a76f583','chenrongfa@66.com',NULL,3),(1587,'7f12e584','chenrongfa@66.com',NULL,2),(1588,'c78e7585','chenrongfa@66.com',NULL,3),(1589,'1e7cd586','chenrongfa@66.com',NULL,3),(1590,'ecce1587','chenrongfa@66.com',NULL,2),(1591,'50459588','chenrongfa@66.com',NULL,1),(1592,'c9d2e589','chenrongfa@66.com',NULL,1),(1593,'5e465590','chenrongfa@66.com',NULL,2),(1594,'a4fa4591','chenrongfa@66.com',NULL,2),(1595,'f09ab592','chenrongfa@66.com',NULL,3),(1596,'ace32593','chenrongfa@66.com',NULL,3),(1597,'ce59e594','chenrongfa@66.com',NULL,1),(1598,'9d8cf595','chenrongfa@66.com',NULL,3),(1599,'1d120596','chenrongfa@66.com',NULL,2),(1600,'d7549597','chenrongfa@66.com',NULL,3),(1601,'9ee2f598','chenrongfa@66.com',NULL,2),(1602,'9a62f599','chenrongfa@66.com',NULL,2),(1603,'65af6600','chenrongfa@66.com',NULL,1),(1604,'955fb601','chenrongfa@66.com',NULL,2),(1605,'e73d1602','chenrongfa@66.com',NULL,3),(1606,'15d75603','chenrongfa@66.com',NULL,3),(1607,'ef9b7604','chenrongfa@66.com',NULL,3),(1608,'d59f1605','chenrongfa@66.com',NULL,3),(1609,'9a0d6606','chenrongfa@66.com',NULL,1),(1610,'a8cfc607','chenrongfa@66.com',NULL,3),(1611,'37639608','chenrongfa@66.com',NULL,3),(1612,'62643609','chenrongfa@66.com',NULL,2),(1613,'51ad2610','chenrongfa@66.com',NULL,2),(1614,'bdc8e611','chenrongfa@66.com',NULL,2),(1615,'6484b612','chenrongfa@66.com',NULL,1),(1616,'defe8613','chenrongfa@66.com',NULL,2),(1617,'638ab614','chenrongfa@66.com',NULL,2),(1618,'2f770615','chenrongfa@66.com',NULL,2),(1619,'fdc00616','chenrongfa@66.com',NULL,1),(1620,'3cd2f617','chenrongfa@66.com',NULL,3),(1621,'6eb12618','chenrongfa@66.com',NULL,2),(1622,'e0a52619','chenrongfa@66.com',NULL,2),(1623,'333e1620','chenrongfa@66.com',NULL,2),(1624,'01bfd621','chenrongfa@66.com',NULL,2),(1625,'358f0622','chenrongfa@66.com',NULL,3),(1626,'6e4d9623','chenrongfa@66.com',NULL,3),(1627,'f63d3624','chenrongfa@66.com',NULL,2),(1628,'2eba8625','chenrongfa@66.com',NULL,3),(1629,'75866626','chenrongfa@66.com',NULL,2),(1630,'72c7f627','chenrongfa@66.com',NULL,2),(1631,'7eae9628','chenrongfa@66.com',NULL,2),(1632,'893d6629','chenrongfa@66.com',NULL,3),(1633,'73925630','chenrongfa@66.com',NULL,2),(1634,'83665631','chenrongfa@66.com',NULL,2),(1635,'78c5c632','chenrongfa@66.com',NULL,2),(1636,'65732633','chenrongfa@66.com',NULL,1),(1637,'a710b634','chenrongfa@66.com',NULL,2),(1638,'f1e75635','chenrongfa@66.com',NULL,3),(1639,'5d6f9636','chenrongfa@66.com',NULL,3),(1640,'f923c637','chenrongfa@66.com',NULL,1),(1641,'1a6df638','chenrongfa@66.com',NULL,3),(1642,'7ad7d639','chenrongfa@66.com',NULL,3),(1643,'f8fb0640','chenrongfa@66.com',NULL,3),(1644,'8b5a6641','chenrongfa@66.com',NULL,3),(1645,'daaf6642','chenrongfa@66.com',NULL,3),(1646,'25c87643','chenrongfa@66.com',NULL,1),(1647,'e77f1644','chenrongfa@66.com',NULL,1),(1648,'6eb40645','chenrongfa@66.com',NULL,3),(1649,'d97d5646','chenrongfa@66.com',NULL,2),(1650,'2f9d9647','chenrongfa@66.com',NULL,2),(1651,'5d766648','chenrongfa@66.com',NULL,2),(1652,'7c225649','chenrongfa@66.com',NULL,1),(1653,'52d27650','chenrongfa@66.com',NULL,2),(1654,'32763651','chenrongfa@66.com',NULL,2),(1655,'bf349652','chenrongfa@66.com',NULL,2),(1656,'a81d0653','chenrongfa@66.com',NULL,1),(1657,'4a19d654','chenrongfa@66.com',NULL,1),(1658,'6cf99655','chenrongfa@66.com',NULL,1),(1659,'579ae656','chenrongfa@66.com',NULL,3),(1660,'b0a06657','chenrongfa@66.com',NULL,2),(1661,'38afb658','chenrongfa@66.com',NULL,3),(1662,'51d0e659','chenrongfa@66.com',NULL,3),(1663,'ec84c660','chenrongfa@66.com',NULL,3),(1664,'e5e6e661','chenrongfa@66.com',NULL,3),(1665,'1d990662','chenrongfa@66.com',NULL,1),(1666,'34694663','chenrongfa@66.com',NULL,1),(1667,'ae980664','chenrongfa@66.com',NULL,2),(1668,'e42ee665','chenrongfa@66.com',NULL,1),(1669,'c314d666','chenrongfa@66.com',NULL,1),(1670,'3f8d1667','chenrongfa@66.com',NULL,1),(1671,'60030668','chenrongfa@66.com',NULL,3),(1672,'1181e669','chenrongfa@66.com',NULL,3),(1673,'35b14670','chenrongfa@66.com',NULL,3),(1674,'de874671','chenrongfa@66.com',NULL,1),(1675,'fa1ec672','chenrongfa@66.com',NULL,2),(1676,'05f59673','chenrongfa@66.com',NULL,2),(1677,'172ee674','chenrongfa@66.com',NULL,2),(1678,'7355e675','chenrongfa@66.com',NULL,1),(1679,'22b81676','chenrongfa@66.com',NULL,3),(1680,'be1ee677','chenrongfa@66.com',NULL,2),(1681,'00d89678','chenrongfa@66.com',NULL,1),(1682,'c3062679','chenrongfa@66.com',NULL,3),(1683,'d8582680','chenrongfa@66.com',NULL,2),(1684,'dfb7b681','chenrongfa@66.com',NULL,3),(1685,'6a7c3682','chenrongfa@66.com',NULL,3),(1686,'8a390683','chenrongfa@66.com',NULL,2),(1687,'7b742684','chenrongfa@66.com',NULL,1),(1688,'7994a685','chenrongfa@66.com',NULL,2),(1689,'f3d48686','chenrongfa@66.com',NULL,3),(1690,'a2796687','chenrongfa@66.com',NULL,2),(1691,'e7d75688','chenrongfa@66.com',NULL,2),(1692,'b0a44689','chenrongfa@66.com',NULL,2),(1693,'f6b13690','chenrongfa@66.com',NULL,3),(1694,'bbbb6691','chenrongfa@66.com',NULL,1),(1695,'7df37692','chenrongfa@66.com',NULL,3),(1696,'04d23693','chenrongfa@66.com',NULL,3),(1697,'bb392694','chenrongfa@66.com',NULL,2),(1698,'85f36695','chenrongfa@66.com',NULL,1),(1699,'4fdf3696','chenrongfa@66.com',NULL,2),(1700,'ea422697','chenrongfa@66.com',NULL,3),(1701,'6d2c5698','chenrongfa@66.com',NULL,1),(1702,'9c116699','chenrongfa@66.com',NULL,1),(1703,'f99f6700','chenrongfa@66.com',NULL,1),(1704,'e9f2e701','chenrongfa@66.com',NULL,3),(1705,'dce55702','chenrongfa@66.com',NULL,3),(1706,'0300f703','chenrongfa@66.com',NULL,3),(1707,'d402a704','chenrongfa@66.com',NULL,2),(1708,'e07db705','chenrongfa@66.com',NULL,1),(1709,'ee7ff706','chenrongfa@66.com',NULL,1),(1710,'6f6b8707','chenrongfa@66.com',NULL,2),(1711,'9e31b708','chenrongfa@66.com',NULL,3),(1712,'20c64709','chenrongfa@66.com',NULL,2),(1713,'d027c710','chenrongfa@66.com',NULL,1),(1714,'b38ad711','chenrongfa@66.com',NULL,1),(1715,'fdbd1712','chenrongfa@66.com',NULL,3),(1716,'8ffc4713','chenrongfa@66.com',NULL,2),(1717,'8a0c6714','chenrongfa@66.com',NULL,1),(1718,'a9d05715','chenrongfa@66.com',NULL,2),(1719,'ae35a716','chenrongfa@66.com',NULL,3),(1720,'30256717','chenrongfa@66.com',NULL,3),(1721,'050b8718','chenrongfa@66.com',NULL,2),(1722,'265a3719','chenrongfa@66.com',NULL,3),(1723,'3be81720','chenrongfa@66.com',NULL,1),(1724,'1a891721','chenrongfa@66.com',NULL,3),(1725,'c25ea722','chenrongfa@66.com',NULL,1),(1726,'45d07723','chenrongfa@66.com',NULL,1),(1727,'fe92a724','chenrongfa@66.com',NULL,2),(1728,'29b0d725','chenrongfa@66.com',NULL,2),(1729,'e4b5c726','chenrongfa@66.com',NULL,1),(1730,'a4084727','chenrongfa@66.com',NULL,1),(1731,'bf0d1728','chenrongfa@66.com',NULL,1),(1732,'426ce729','chenrongfa@66.com',NULL,2),(1733,'0a4ae730','chenrongfa@66.com',NULL,2),(1734,'5f76f731','chenrongfa@66.com',NULL,2),(1735,'9dddb732','chenrongfa@66.com',NULL,2),(1736,'e17eb733','chenrongfa@66.com',NULL,2),(1737,'f893b734','chenrongfa@66.com',NULL,1),(1738,'4c7e1735','chenrongfa@66.com',NULL,1),(1739,'3c374736','chenrongfa@66.com',NULL,3),(1740,'cc475737','chenrongfa@66.com',NULL,3),(1741,'64d32738','chenrongfa@66.com',NULL,3),(1742,'a71f5739','chenrongfa@66.com',NULL,2),(1743,'b4bd2740','chenrongfa@66.com',NULL,2),(1744,'5615d741','chenrongfa@66.com',NULL,1),(1745,'27d6e742','chenrongfa@66.com',NULL,1),(1746,'4cb13743','chenrongfa@66.com',NULL,1),(1747,'27eb4744','chenrongfa@66.com',NULL,2),(1748,'7ee6b745','chenrongfa@66.com',NULL,3),(1749,'0e788746','chenrongfa@66.com',NULL,2),(1750,'e5ffd747','chenrongfa@66.com',NULL,2),(1751,'1305b748','chenrongfa@66.com',NULL,1),(1752,'a2e68749','chenrongfa@66.com',NULL,1),(1753,'02a99750','chenrongfa@66.com',NULL,2),(1754,'e61cb751','chenrongfa@66.com',NULL,2),(1755,'35a91752','chenrongfa@66.com',NULL,2),(1756,'efe80753','chenrongfa@66.com',NULL,3),(1757,'14734754','chenrongfa@66.com',NULL,3),(1758,'6b7c5755','chenrongfa@66.com',NULL,3),(1759,'148e7756','chenrongfa@66.com',NULL,1),(1760,'191a4757','chenrongfa@66.com',NULL,3),(1761,'5a846758','chenrongfa@66.com',NULL,1),(1762,'52774759','chenrongfa@66.com',NULL,3),(1763,'fad73760','chenrongfa@66.com',NULL,1),(1764,'4c105761','chenrongfa@66.com',NULL,3),(1765,'0d41a762','chenrongfa@66.com',NULL,3),(1766,'731a0763','chenrongfa@66.com',NULL,3),(1767,'f7035764','chenrongfa@66.com',NULL,2),(1768,'0865f765','chenrongfa@66.com',NULL,3),(1769,'20e9b766','chenrongfa@66.com',NULL,2),(1770,'d13f0767','chenrongfa@66.com',NULL,2),(1771,'4ce1c768','chenrongfa@66.com',NULL,1),(1772,'be75a769','chenrongfa@66.com',NULL,1),(1773,'a6490770','chenrongfa@66.com',NULL,2),(1774,'530e1771','chenrongfa@66.com',NULL,3),(1775,'c8723772','chenrongfa@66.com',NULL,2),(1776,'1b7f8773','chenrongfa@66.com',NULL,2),(1777,'c8d40774','chenrongfa@66.com',NULL,3),(1778,'80daa775','chenrongfa@66.com',NULL,2),(1779,'82647776','chenrongfa@66.com',NULL,2),(1780,'8cd7e777','chenrongfa@66.com',NULL,1),(1781,'62d2b778','chenrongfa@66.com',NULL,2),(1782,'6bb43779','chenrongfa@66.com',NULL,1),(1783,'b9372780','chenrongfa@66.com',NULL,2),(1784,'15dba781','chenrongfa@66.com',NULL,3),(1785,'ce573782','chenrongfa@66.com',NULL,1),(1786,'2ed74783','chenrongfa@66.com',NULL,3),(1787,'68825784','chenrongfa@66.com',NULL,1),(1788,'cd858785','chenrongfa@66.com',NULL,2),(1789,'699c2786','chenrongfa@66.com',NULL,2),(1790,'8a5ad787','chenrongfa@66.com',NULL,3),(1791,'54b8d788','chenrongfa@66.com',NULL,1),(1792,'9c8cc789','chenrongfa@66.com',NULL,1),(1793,'bd220790','chenrongfa@66.com',NULL,1),(1794,'42160791','chenrongfa@66.com',NULL,3),(1795,'8b00d792','chenrongfa@66.com',NULL,3),(1796,'cb5f7793','chenrongfa@66.com',NULL,3),(1797,'3b719794','chenrongfa@66.com',NULL,2),(1798,'c84e3795','chenrongfa@66.com',NULL,2),(1799,'aa370796','chenrongfa@66.com',NULL,2),(1800,'b4747797','chenrongfa@66.com',NULL,2),(1801,'7c064798','chenrongfa@66.com',NULL,2),(1802,'59476799','chenrongfa@66.com',NULL,1),(1803,'80798800','chenrongfa@66.com',NULL,2),(1804,'39b0d801','chenrongfa@66.com',NULL,1),(1805,'3d309802','chenrongfa@66.com',NULL,1),(1806,'e751f803','chenrongfa@66.com',NULL,3),(1807,'54476804','chenrongfa@66.com',NULL,3),(1808,'f57c7805','chenrongfa@66.com',NULL,3),(1809,'6b0b7806','chenrongfa@66.com',NULL,3),(1810,'7bbd0807','chenrongfa@66.com',NULL,3),(1811,'513f8808','chenrongfa@66.com',NULL,3),(1812,'4df46809','chenrongfa@66.com',NULL,1),(1813,'35cfd810','chenrongfa@66.com',NULL,1),(1814,'dac5d811','chenrongfa@66.com',NULL,1),(1815,'d911c812','chenrongfa@66.com',NULL,1),(1816,'94ba7813','chenrongfa@66.com',NULL,3),(1817,'e016f814','chenrongfa@66.com',NULL,3),(1818,'9b7d8815','chenrongfa@66.com',NULL,1),(1819,'0a677816','chenrongfa@66.com',NULL,1),(1820,'6d915817','chenrongfa@66.com',NULL,1),(1821,'ab95a818','chenrongfa@66.com',NULL,2),(1822,'623a9819','chenrongfa@66.com',NULL,1),(1823,'0cb4f820','chenrongfa@66.com',NULL,2),(1824,'72e00821','chenrongfa@66.com',NULL,3),(1825,'ef013822','chenrongfa@66.com',NULL,2),(1826,'6a921823','chenrongfa@66.com',NULL,3),(1827,'0fa2e824','chenrongfa@66.com',NULL,3),(1828,'86c9b825','chenrongfa@66.com',NULL,1),(1829,'2b56d826','chenrongfa@66.com',NULL,2),(1830,'7ce7e827','chenrongfa@66.com',NULL,1),(1831,'8374c828','chenrongfa@66.com',NULL,3),(1832,'e0fde829','chenrongfa@66.com',NULL,1),(1833,'45b39830','chenrongfa@66.com',NULL,2),(1834,'2fab2831','chenrongfa@66.com',NULL,1),(1835,'2f4d7832','chenrongfa@66.com',NULL,1),(1836,'20664833','chenrongfa@66.com',NULL,2),(1837,'075b8834','chenrongfa@66.com',NULL,1),(1838,'71a93835','chenrongfa@66.com',NULL,2),(1839,'d7165836','chenrongfa@66.com',NULL,2),(1840,'1e33d837','chenrongfa@66.com',NULL,3),(1841,'ce9fe838','chenrongfa@66.com',NULL,3),(1842,'ed552839','chenrongfa@66.com',NULL,2),(1843,'972c5840','chenrongfa@66.com',NULL,3),(1844,'c00dd841','chenrongfa@66.com',NULL,1),(1845,'c9fe3842','chenrongfa@66.com',NULL,3),(1846,'d918c843','chenrongfa@66.com',NULL,1),(1847,'d1569844','chenrongfa@66.com',NULL,3),(1848,'734f1845','chenrongfa@66.com',NULL,3),(1849,'300a9846','chenrongfa@66.com',NULL,1),(1850,'d8fa2847','chenrongfa@66.com',NULL,2),(1851,'ca930848','chenrongfa@66.com',NULL,3),(1852,'901f3849','chenrongfa@66.com',NULL,2),(1853,'719dd850','chenrongfa@66.com',NULL,2),(1854,'f4557851','chenrongfa@66.com',NULL,2),(1855,'4e573852','chenrongfa@66.com',NULL,1),(1856,'be793853','chenrongfa@66.com',NULL,1),(1857,'2c671854','chenrongfa@66.com',NULL,3),(1858,'fd2da855','chenrongfa@66.com',NULL,3),(1859,'26d9f856','chenrongfa@66.com',NULL,1),(1860,'a4cf4857','chenrongfa@66.com',NULL,1),(1861,'ceeae858','chenrongfa@66.com',NULL,2),(1862,'e6399859','chenrongfa@66.com',NULL,3),(1863,'ff51e860','chenrongfa@66.com',NULL,3),(1864,'71a5f861','chenrongfa@66.com',NULL,2),(1865,'0970d862','chenrongfa@66.com',NULL,2),(1866,'c7f82863','chenrongfa@66.com',NULL,2),(1867,'0f206864','chenrongfa@66.com',NULL,2),(1868,'d5e35865','chenrongfa@66.com',NULL,2),(1869,'53962866','chenrongfa@66.com',NULL,3),(1870,'bede9867','chenrongfa@66.com',NULL,3),(1871,'48b9c868','chenrongfa@66.com',NULL,1),(1872,'d14b3869','chenrongfa@66.com',NULL,2),(1873,'92a29870','chenrongfa@66.com',NULL,1),(1874,'82c9f871','chenrongfa@66.com',NULL,3),(1875,'d45a0872','chenrongfa@66.com',NULL,1),(1876,'7b4c3873','chenrongfa@66.com',NULL,1),(1877,'fca44874','chenrongfa@66.com',NULL,2),(1878,'04fae875','chenrongfa@66.com',NULL,2),(1879,'fc9f9876','chenrongfa@66.com',NULL,1),(1880,'b11a1877','chenrongfa@66.com',NULL,2),(1881,'75308878','chenrongfa@66.com',NULL,2),(1882,'0e17e879','chenrongfa@66.com',NULL,3),(1883,'5208f880','chenrongfa@66.com',NULL,2),(1884,'2c9b7881','chenrongfa@66.com',NULL,1),(1885,'66826882','chenrongfa@66.com',NULL,2),(1886,'a1524883','chenrongfa@66.com',NULL,1),(1887,'04264884','chenrongfa@66.com',NULL,1),(1888,'84528885','chenrongfa@66.com',NULL,2),(1889,'c3e30886','chenrongfa@66.com',NULL,3),(1890,'99e11887','chenrongfa@66.com',NULL,3),(1891,'39c7a888','chenrongfa@66.com',NULL,3),(1892,'3bce5889','chenrongfa@66.com',NULL,3),(1893,'6d0c4890','chenrongfa@66.com',NULL,1),(1894,'2a44d891','chenrongfa@66.com',NULL,1),(1895,'96057892','chenrongfa@66.com',NULL,2),(1896,'8eb52893','chenrongfa@66.com',NULL,2),(1897,'109c0894','chenrongfa@66.com',NULL,2),(1898,'bfbee895','chenrongfa@66.com',NULL,2),(1899,'2f1ed896','chenrongfa@66.com',NULL,3),(1900,'9e2cc897','chenrongfa@66.com',NULL,1),(1901,'6ab1e898','chenrongfa@66.com',NULL,3),(1902,'05144899','chenrongfa@66.com',NULL,3),(1903,'b0707900','chenrongfa@66.com',NULL,3),(1904,'aaa1b901','chenrongfa@66.com',NULL,3),(1905,'cb124902','chenrongfa@66.com',NULL,2),(1906,'99366903','chenrongfa@66.com',NULL,2),(1907,'6de3d904','chenrongfa@66.com',NULL,1),(1908,'82309905','chenrongfa@66.com',NULL,1),(1909,'4401c906','chenrongfa@66.com',NULL,3),(1910,'74779907','chenrongfa@66.com',NULL,3),(1911,'61b31908','chenrongfa@66.com',NULL,1),(1912,'eb82b909','chenrongfa@66.com',NULL,2),(1913,'33af7910','chenrongfa@66.com',NULL,3),(1914,'0bed7911','chenrongfa@66.com',NULL,1),(1915,'3d1ba912','chenrongfa@66.com',NULL,1),(1916,'dc7a5913','chenrongfa@66.com',NULL,3),(1917,'bed54914','chenrongfa@66.com',NULL,1),(1918,'5dc8e915','chenrongfa@66.com',NULL,2),(1919,'a0079916','chenrongfa@66.com',NULL,2),(1920,'8caa1917','chenrongfa@66.com',NULL,3),(1921,'401f5918','chenrongfa@66.com',NULL,3),(1922,'393d7919','chenrongfa@66.com',NULL,2),(1923,'8d49d920','chenrongfa@66.com',NULL,2),(1924,'f3a85921','chenrongfa@66.com',NULL,2),(1925,'d5525922','chenrongfa@66.com',NULL,2),(1926,'c567a923','chenrongfa@66.com',NULL,3),(1927,'74ebe924','chenrongfa@66.com',NULL,2),(1928,'f1bce925','chenrongfa@66.com',NULL,3),(1929,'62430926','chenrongfa@66.com',NULL,1),(1930,'77e46927','chenrongfa@66.com',NULL,2),(1931,'8046a928','chenrongfa@66.com',NULL,1),(1932,'c65e7929','chenrongfa@66.com',NULL,3),(1933,'5b2da930','chenrongfa@66.com',NULL,3),(1934,'cbf0f931','chenrongfa@66.com',NULL,1),(1935,'482fe932','chenrongfa@66.com',NULL,2),(1936,'2a05e933','chenrongfa@66.com',NULL,2),(1937,'18a48934','chenrongfa@66.com',NULL,3),(1938,'3b951935','chenrongfa@66.com',NULL,1),(1939,'fcad5936','chenrongfa@66.com',NULL,1),(1940,'abb8c937','chenrongfa@66.com',NULL,1),(1941,'b56e0938','chenrongfa@66.com',NULL,3),(1942,'9266e939','chenrongfa@66.com',NULL,3),(1943,'af782940','chenrongfa@66.com',NULL,3),(1944,'c156a941','chenrongfa@66.com',NULL,3),(1945,'104e9942','chenrongfa@66.com',NULL,1),(1946,'1b0d5943','chenrongfa@66.com',NULL,3),(1947,'27d1d944','chenrongfa@66.com',NULL,3),(1948,'ce797945','chenrongfa@66.com',NULL,3),(1949,'0c160946','chenrongfa@66.com',NULL,2),(1950,'fb557947','chenrongfa@66.com',NULL,2),(1951,'91cc2948','chenrongfa@66.com',NULL,3),(1952,'3b823949','chenrongfa@66.com',NULL,2),(1953,'d511f950','chenrongfa@66.com',NULL,3),(1954,'b964d951','chenrongfa@66.com',NULL,2),(1955,'af838952','chenrongfa@66.com',NULL,2),(1956,'131fc953','chenrongfa@66.com',NULL,2),(1957,'f5a23954','chenrongfa@66.com',NULL,1),(1958,'91a1c955','chenrongfa@66.com',NULL,2),(1959,'5f686956','chenrongfa@66.com',NULL,3),(1960,'241e2957','chenrongfa@66.com',NULL,2),(1961,'7921a958','chenrongfa@66.com',NULL,3),(1962,'7cabc959','chenrongfa@66.com',NULL,1),(1963,'c9c05960','chenrongfa@66.com',NULL,1),(1964,'987fa961','chenrongfa@66.com',NULL,1),(1965,'7ad14962','chenrongfa@66.com',NULL,1),(1966,'458b2963','chenrongfa@66.com',NULL,1),(1967,'2f92a964','chenrongfa@66.com',NULL,2),(1968,'700ca965','chenrongfa@66.com',NULL,2),(1969,'fb7c3966','chenrongfa@66.com',NULL,3),(1970,'d8d77967','chenrongfa@66.com',NULL,2),(1971,'51fae968','chenrongfa@66.com',NULL,3),(1972,'7ceb1969','chenrongfa@66.com',NULL,3),(1973,'9f72e970','chenrongfa@66.com',NULL,1),(1974,'cc815971','chenrongfa@66.com',NULL,1),(1975,'8ccfa972','chenrongfa@66.com',NULL,2),(1977,'9e362974','chenrongfa@66.com',NULL,1),(1978,'5d9f6975','chenrongfa@66.com',NULL,3),(1979,'88d7f976','chenrongfa@66.com',NULL,3),(1980,'f0ba2977','chenrongfa@66.com',NULL,3),(1981,'f3cb6978','chenrongfa@66.com',NULL,1),(1982,'743e1979','chenrongfa@66.com',NULL,3),(1983,'320a4980','chenrongfa@66.com',NULL,2),(1984,'61d9a981','chenrongfa@66.com',NULL,2),(1985,'02980982','chenrongfa@66.com',NULL,1),(1986,'a564f983','chenrongfa@66.com',NULL,3),(1987,'da83f984','chenrongfa@66.com',NULL,3),(1988,'9b6fc985','chenrongfa@66.com',NULL,2),(1989,'0d8ea986','chenrongfa@66.com',NULL,1),(1990,'23c9e987','chenrongfa@66.com',NULL,2),(1991,'5c1f5988','chenrongfa@66.com',NULL,1),(1992,'e757e989','chenrongfa@66.com',NULL,3),(1993,'a24c8990','chenrongfa@66.com',NULL,1),(1994,'96475991','chenrongfa@66.com',NULL,1),(1995,'bf0e4992','chenrongfa@66.com',NULL,2),(1996,'23be4993','chenrongfa@66.com',NULL,3),(1997,'11636994','chenrongfa@66.com',NULL,1),(1998,'f46c3995','chenrongfa@66.com',NULL,1),(1999,'d9061996','chenrongfa@66.com',NULL,2),(2000,'eeabc997','chenrongfa@66.com',NULL,2),(2001,'06467998','chenrongfa@66.com',NULL,2),(2002,'398a7999','chenrongfa@66.com',NULL,2),(2003,'dd','dsds','2017-05-02',2),(2004,'d','d','2017-05-10',2),(2005,'s','s','2017-05-02',2),(2006,'','',NULL,1),(2007,'0','','2017-05-01',1),(2008,'erererer','ff','2017-05-02',1),(2009,'大幅度','得到','2017-05-02',1),(2010,'wee','dfsd','2017-05-02',1),(2011,'edddd','','2017-05-01',1),(2012,'edsd','','2017-05-01',1),(2013,'e中的的得到','','2017-05-01',1),(2014,'22','发','2017-05-01',1),(2015,'44','人人','2017-05-01',1),(2016,'3434','43','2017-05-02',1),(2017,'e第三方','对方','2017-05-02',1),(2018,'4','',NULL,1),(2019,'d对方','163@163.com','2017-05-05',1),(2020,'3是的','1872097@163.com','2017-05-04',1),(2021,'sdf对方','15@163.com','2017-05-04',1),(2029,'454水电费','161100@163.com','2017-05-02',1),(2030,'3df水电费','152@qq.com','2017-05-03',1),(2031,'323对方','1545@163.com','2017-05-03',2),(2032,'232水电费','水电费就144@163.com','2014-01-01',1),(2033,'sdf水电费','454@163.com','2017-05-02',2),(2034,'ff你好','454@163.com','2017-05-01',2),(2035,'是的','454516@163.com','2017-05-02',2),(2036,'9过后','4545@163.com','2015-05-09',2),(2037,'陈120',NULL,'2017-05-20',1);

/*Table structure for table `role` */

DROP TABLE IF EXISTS `role`;

CREATE TABLE `role` (
  `id` int(10) NOT NULL AUTO_INCREMENT,
  `role_name` varchar(10) NOT NULL COMMENT '用户角色',
  `status` int(10) NOT NULL DEFAULT '0' COMMENT '角色状态',
  `description` varchar(102) DEFAULT NULL COMMENT '描述',
  PRIMARY KEY (`id`)
) ENGINE=InnoDB AUTO_INCREMENT=5 DEFAULT CHARSET=utf8;

/*Data for the table `role` */

insert  into `role`(`id`,`role_name`,`status`,`description`) values (1,'admin',0,'超级管理员'),(2,'user',0,'用户'),(3,'test',0,'测试'),(4,'boss',0,'老板');

/*Table structure for table `user` */

DROP TABLE IF EXISTS `user`;

CREATE TABLE `user` (
  `id` int(10) NOT NULL AUTO_INCREMENT,
  `name` varchar(20) NOT NULL,
  `loginName` varchar(20) NOT NULL,
  `password` varchar(100) NOT NULL,
  `salt` varchar(100) DEFAULT NULL,
  `email` varchar(50) DEFAULT NULL,
  `create_time` timestamp NULL DEFAULT NULL,
  `status` int(10) NOT NULL DEFAULT '0',
  PRIMARY KEY (`id`)
) ENGINE=InnoDB AUTO_INCREMENT=12 DEFAULT CHARSET=utf8;

/*Data for the table `user` */

insert  into `user`(`id`,`name`,`loginName`,`password`,`salt`,`email`,`create_time`,`status`) values (11,'chenrongfa','chenrongfa','bb5daa6e77f2dae6fbeac53d30679294','18720979339@163.com','18720979339@163.com','2017-06-02 18:53:37',0);

/*Table structure for table `user_role` */

DROP TABLE IF EXISTS `user_role`;

CREATE TABLE `user_role` (
  `id` int(10) NOT NULL AUTO_INCREMENT,
  `user_id` int(10) NOT NULL,
  `role_id` int(10) NOT NULL,
  PRIMARY KEY (`id`)
) ENGINE=InnoDB AUTO_INCREMENT=3 DEFAULT CHARSET=utf8;

/*Data for the table `user_role` */

insert  into `user_role`(`id`,`user_id`,`role_id`) values (1,10,2),(2,11,2);

/*!40101 SET SQL_MODE=@OLD_SQL_MODE */;
/*!40014 SET FOREIGN_KEY_CHECKS=@OLD_FOREIGN_KEY_CHECKS */;
/*!40014 SET UNIQUE_CHECKS=@OLD_UNIQUE_CHECKS */;
/*!40111 SET SQL_NOTES=@OLD_SQL_NOTES */;
